timeInMillies;delay;received;axisA;axisB
1565436982527 ;140 ;0 ;0.0 ;0.0
1565436982578 ;51 ;0 ;0.0 ;0.0
1565436982606 ;28 ;0 ;0.0 ;0.0
1565436982618 ;12 ;0 ;0.0 ;0.0
1565436982639 ;21 ;0 ;0.0 ;0.0
1565436982658 ;19 ;0 ;0.0 ;0.0
1565436982686 ;28 ;0 ;0.0 ;0.0
1565436982766 ;80 ;170314 ;2128.925 ;112.04868421052633
1565436982770 ;4 ;0 ;0.0 ;106.44625
1565436982798 ;28 ;0 ;0.0 ;101.12393750000001
1565436982810 ;12 ;0 ;0.0 ;96.06774062500001
1565436982830 ;20 ;0 ;0.0 ;91.26435359375002
1565436982851 ;21 ;0 ;0.0 ;86.70113591406252
1565436982871 ;20 ;201401 ;10070.05 ;612.3687106973067
1565436982891 ;20 ;0 ;0.0 ;581.7502751624413
1565436982911 ;20 ;0 ;0.0 ;552.6627614043193
1565436982931 ;20 ;0 ;0.0 ;525.0296233341033
1565436982951 ;20 ;0 ;0.0 ;498.7781421673982
1565436982971 ;20 ;100217 ;5010.85 ;737.5681824274493
1565436982992 ;21 ;0 ;0.0 ;700.6897733060769
1565436983012 ;20 ;0 ;0.0 ;665.6552846407731
1565436983032 ;20 ;0 ;0.0 ;632.3725204087344
1565436983053 ;21 ;0 ;0.0 ;600.7538943882977
1565436983073 ;20 ;100153 ;5007.65 ;834.2767259846723
1565436983100 ;27 ;0 ;0.0 ;792.5628896854387
1565436983114 ;14 ;0 ;0.0 ;752.9347452011667
1565436983134 ;20 ;0 ;0.0 ;715.2880079411084
1565436983155 ;21 ;0 ;0.0 ;679.523607544053
1565436983180 ;25 ;100181 ;4007.24 ;856.4547955879029
1565436983196 ;16 ;0 ;0.0 ;813.6320558085079
1565436983223 ;27 ;0 ;0.0 ;772.9504530180825
1565436983237 ;14 ;0 ;0.0 ;734.3029303671784
1565436983257 ;20 ;0 ;0.0 ;697.5877838488195
1565436983277 ;20 ;100165 ;5008.25 ;926.3004999195365
1565436983297 ;20 ;0 ;0.0 ;879.9854749235598
1565436983320 ;23 ;0 ;0.0 ;835.9862011773818
1565436983338 ;18 ;0 ;0.0 ;794.1868911185127
1565436983358 ;20 ;0 ;0.0 ;754.477546562587
1565436983378 ;20 ;100183 ;5009.15 ;980.3931429186682
1565436983400 ;22 ;0 ;0.0 ;931.3734857727347
1565436983421 ;21 ;0 ;0.0 ;884.804811484098
1565436983449 ;28 ;0 ;0.0 ;840.5645709098932
1565436983468 ;19 ;0 ;0.0 ;798.5363423643985
1565436983488 ;20 ;100270 ;5013.5 ;1022.4779462988101
1565436983513 ;25 ;0 ;0.0 ;971.3540489838697
1565436983528 ;15 ;0 ;0.0 ;922.7863465346761
1565436983549 ;21 ;0 ;0.0 ;876.6470292079423
1565436983582 ;33 ;0 ;0.0 ;832.8146777475451
1565436983588 ;6 ;100194 ;16699.0 ;1670.068680702273
1565436983608 ;20 ;0 ;0.0 ;1586.5652466671595
1565436983643 ;35 ;0 ;0.0 ;1507.2369843338015
1565436983664 ;21 ;0 ;0.0 ;1431.8751351171115
1565436983684 ;20 ;100215 ;5010.75 ;1624.0050625717822
1565436983704 ;20 ;0 ;0.0 ;1542.804809443193
1565436983724 ;20 ;0 ;0.0 ;1465.6645689710335
1565436983744 ;20 ;0 ;0.0 ;1392.3813405224819
1565436983764 ;20 ;0 ;0.0 ;1322.7622734963577
1565436983790 ;26 ;100143 ;3851.653846153846 ;1459.342783303321
1565436983804 ;14 ;0 ;0.0 ;1386.3756441381552
1565436983824 ;20 ;0 ;0.0 ;1317.0568619312476
1565436983860 ;36 ;0 ;0.0 ;1251.204018834685
1565436983865 ;5 ;0 ;0.0 ;1188.6438178929507
1565436983885 ;20 ;100194 ;5009.7 ;1392.8800480509346
1565436983909 ;24 ;0 ;0.0 ;1323.236045648388
1565436983929 ;20 ;0 ;0.0 ;1257.0742433659684
1565436983949 ;20 ;0 ;0.0 ;1194.22053119767
1565436983969 ;20 ;0 ;0.0 ;1134.5095046377864
1565436983990 ;21 ;100175 ;4770.238095238095 ;1328.8491923131653
1565436984020 ;30 ;0 ;0.0 ;1262.4067326975069
1565436984040 ;20 ;0 ;0.0 ;1199.2863960626314
1565436984060 ;20 ;0 ;0.0 ;1139.3220762594997
1565436984080 ;20 ;0 ;0.0 ;1082.3559724465247
1565436984100 ;20 ;100205 ;5010.25 ;1291.935542245251
1565436984120 ;20 ;0 ;0.0 ;1227.3387651329886
1565436984141 ;21 ;0 ;0.0 ;1165.971826876339
1565436984169 ;28 ;0 ;0.0 ;1107.673235532522
1565436984189 ;20 ;0 ;0.0 ;1052.289573755896
1565436984221 ;32 ;100180 ;3130.625 ;1164.4448319102066
1565436984229 ;8 ;0 ;0.0 ;1106.2225903146962
1565436984249 ;20 ;0 ;0.0 ;1050.9114607989613
1565436984271 ;22 ;0 ;0.0 ;998.3658877590133
1565436984291 ;20 ;0 ;0.0 ;948.4475933710626
1565436984325 ;34 ;100216 ;2947.529411764706 ;1056.158340637494
1565436984349 ;24 ;0 ;0.0 ;1003.3504236056193
1565436984365 ;16 ;0 ;0.0 ;953.1829024253384
1565436984395 ;30 ;0 ;0.0 ;905.5237573040715
1565436984436 ;41 ;100178 ;2443.3658536585367 ;988.8457722630014
1565436984456 ;20 ;0 ;0.0 ;939.4034836498513
1565436984497 ;41 ;0 ;0.0 ;892.4333094673588
1565436984518 ;21 ;100181 ;4770.523809523809 ;1098.8918444952437
1565436984560 ;42 ;0 ;0.0 ;1043.9472522704814
1565436984576 ;16 ;0 ;0.0 ;991.7498896569574
1565436984619 ;43 ;0 ;0.0 ;942.1623951741096
1565436984638 ;19 ;100211 ;5274.263157894737 ;1172.6470731993377
1565436984651 ;13 ;0 ;0.0 ;1114.0147195393706
1565436984689 ;38 ;0 ;0.0 ;1058.313983562402
1565436984709 ;20 ;0 ;0.0 ;1005.398284384282
1565436984744 ;35 ;0 ;0.0 ;955.1283701650678
1565436984749 ;5 ;202134 ;40426.8 ;3035.0982674462884
1565436984770 ;21 ;0 ;0.0 ;2883.3433540739743
1565436984817 ;47 ;0 ;0.0 ;2739.1761863702754
1565436984837 ;20 ;0 ;0.0 ;2602.2173770517616
1565436984865 ;28 ;100201 ;3578.6071428571427 ;2660.454252560076
1565436984877 ;12 ;0 ;0.0 ;2527.431539932072
1565436984897 ;20 ;0 ;0.0 ;2401.0599629354683
1565436984939 ;42 ;0 ;0.0 ;2281.006964788695
1565436984959 ;20 ;0 ;0.0 ;2166.95661654926
1565436984981 ;22 ;100207 ;4554.863636363636 ;2298.3384507935675
1565436985002 ;21 ;0 ;0.0 ;2183.421528253889
1565436985062 ;60 ;0 ;0.0 ;2074.2504518411943
1565436985063 ;1 ;0 ;0.0 ;1970.5379292491348
1565436985098 ;35 ;100158 ;2861.657142857143 ;2022.6245666212644
1565436985103 ;5 ;0 ;0.0 ;1921.493338290201
1565436985123 ;20 ;0 ;0.0 ;1825.418671375691
1565436985167 ;44 ;0 ;0.0 ;1734.1477378069062
1565436985188 ;21 ;0 ;0.0 ;1647.4403509165609
1565436985214 ;26 ;100182 ;3853.153846153846 ;1767.8659042209351
1565436985227 ;13 ;0 ;0.0 ;1679.4726090098884
1565436985247 ;20 ;0 ;0.0 ;1595.498978559394
1565436985281 ;34 ;0 ;0.0 ;1515.7240296314242
1565436985302 ;21 ;0 ;0.0 ;1439.937828149853
1565436985330 ;28 ;100272 ;3581.1428571428573 ;1556.422139749879
1565436985350 ;20 ;0 ;0.0 ;1478.601032762385
1565436985400 ;50 ;0 ;0.0 ;1404.6709811242658
1565436985420 ;20 ;0 ;0.0 ;1334.4374320680524
1565436985448 ;28 ;100175 ;3577.6785714285716 ;1456.014432645101
1565436985468 ;20 ;0 ;0.0 ;1383.2137110128458
1565436985504 ;36 ;0 ;0.0 ;1314.0530254622035
1565436985524 ;20 ;0 ;0.0 ;1248.3503741890934
1565436985578 ;54 ;200344 ;3710.074074074074 ;1381.1999120098533
1565436985596 ;18 ;0 ;0.0 ;1312.1399164093605
1565436985651 ;55 ;0 ;0.0 ;1246.5329205888925
1565436985671 ;20 ;0 ;0.0 ;1184.2062745594478
1565436985704 ;33 ;100195 ;3036.212121212121 ;1284.796598790008
1565436985724 ;20 ;0 ;0.0 ;1220.5567688505075
1565436985748 ;24 ;0 ;0.0 ;1159.528930407982
1565436985768 ;20 ;0 ;0.0 ;1101.5524838875829
1565436985788 ;20 ;100197 ;5009.85 ;1310.1511754826772
1565436985816 ;28 ;0 ;0.0 ;1244.6436167085435
1565436985836 ;20 ;0 ;0.0 ;1182.4114358731163
1565436985866 ;30 ;0 ;0.0 ;1123.2908640794606
1565436985886 ;20 ;100210 ;5010.5 ;1330.8368471912772
1565436985925 ;39 ;0 ;0.0 ;1264.2950048317134
1565436985946 ;21 ;0 ;0.0 ;1201.0802545901277
1565436985993 ;47 ;100188 ;2131.659574468085 ;1253.218851043152
1565436986012 ;19 ;0 ;0.0 ;1190.5579084909944
1565436986068 ;56 ;0 ;0.0 ;1131.0300130664446
1565436986089 ;21 ;0 ;0.0 ;1074.4785124131224
1565436986140 ;51 ;103066 ;2020.9019607843138 ;1127.1178478863774
1565436986161 ;21 ;0 ;0.0 ;1070.7619554920586
1565436986188 ;27 ;0 ;0.0 ;1017.2238577174558
1565436986209 ;21 ;100176 ;4770.285714285715 ;1217.430334004515
1565436986245 ;36 ;0 ;0.0 ;1156.5588173042893
1565436986265 ;20 ;0 ;0.0 ;1098.7308764390748
1565436986305 ;40 ;0 ;0.0 ;1043.7943326171212
1565436986312 ;7 ;100171 ;14310.142857142857 ;1744.7700295200998
1565436986328 ;16 ;0 ;0.0 ;1657.5315280440948
1565436986377 ;49 ;0 ;0.0 ;1574.65495164189
1565436986397 ;20 ;0 ;0.0 ;1495.9222040597956
1565436986455 ;58 ;100189 ;1727.396551724138 ;1512.0417018422868
1565436986475 ;20 ;0 ;0.0 ;1436.4396167501723
1565436986521 ;46 ;100232 ;2178.9565217391305 ;1479.2995581094601
1565436986541 ;20 ;0 ;0.0 ;1405.3345802039871
1565436986594 ;53 ;0 ;0.0 ;1335.0678511937879
1565436986657 ;63 ;0 ;0.0 ;1268.3144586340984
1565436986677 ;20 ;100148 ;5007.4 ;1468.446104123446
1565436986719 ;42 ;0 ;0.0 ;1395.0237989172738
1565436986762 ;43 ;200366 ;4659.674418604651 ;1570.5186310032338
1565436986782 ;20 ;0 ;0.0 ;1491.9926994530722
1565436986803 ;21 ;0 ;0.0 ;1417.3930644804186
1565436986854 ;51 ;0 ;0.0 ;1346.5234112563976
1565436986874 ;20 ;100174 ;5008.7 ;1542.8130301672618
1565436986933 ;59 ;0 ;0.0 ;1465.6723786588987
1565436986977 ;44 ;0 ;0.0 ;1392.3887597259538
1565436986978 ;1 ;100182 ;100182.0 ;6595.50616384492
1565436986999 ;21 ;0 ;0.0 ;6265.730855652674
1565436987099 ;100 ;100212 ;1002.12 ;6005.187470764778
1565436987158 ;59 ;0 ;0.0 ;5704.928097226539
1565436987179 ;21 ;0 ;0.0 ;5419.681692365212
1565436987227 ;48 ;100261 ;2088.7708333333335 ;5258.632914764496
1565436987247 ;20 ;0 ;0.0 ;4995.701269026271
1565436987268 ;21 ;0 ;0.0 ;4745.9162055749575
1565436987324 ;56 ;0 ;0.0 ;4508.62039529621
1565436987345 ;21 ;100233 ;4773.0 ;4534.399901847189
1565436987407 ;62 ;0 ;0.0 ;4307.679906754829
1565436987428 ;21 ;100179 ;4770.428571428572 ;4343.371099387012
1565436987487 ;59 ;0 ;0.0 ;4126.202544417662
1565436987507 ;20 ;0 ;0.0 ;3919.8924171967783
1565436987555 ;48 ;0 ;0.0 ;3723.897796336939
1565436987558 ;3 ;100175 ;33391.666666666664 ;5295.159046870969
1565436987632 ;74 ;0 ;0.0 ;5030.40109452742
1565436987633 ;1 ;0 ;0.0 ;4778.881039801049
1565436987654 ;21 ;0 ;0.0 ;4539.9369878109965
1565436987703 ;49 ;200408 ;4089.9591836734694 ;4528.201148087472
1565436987723 ;20 ;0 ;0.0 ;4301.7910906830975
1565436987760 ;37 ;0 ;0.0 ;4086.701536148943
1565436987765 ;5 ;100143 ;20028.6 ;4936.503301446759
1565436987786 ;21 ;0 ;0.0 ;4689.678136374421
1565436987851 ;65 ;0 ;0.0 ;4455.1942295557
1565436987872 ;21 ;100174 ;4770.190476190476 ;4483.497174719519
1565436987922 ;50 ;0 ;0.0 ;4259.3223159835425
1565436987943 ;21 ;0 ;0.0 ;4046.356200184365
1565436987978 ;35 ;100278 ;2865.0857142857144 ;3994.832375137553
1565436987998 ;20 ;0 ;0.0 ;3795.090756380675
1565436988052 ;54 ;0 ;0.0 ;3605.336218561641
1565436988072 ;20 ;0 ;0.0 ;3425.069407633559
1565436988109 ;37 ;100137 ;2706.4054054054054 ;3396.2583270100604
1565436988112 ;3 ;0 ;0.0 ;3226.4454106595576
1565436988132 ;20 ;0 ;0.0 ;3065.12314012658
1565436988192 ;60 ;100268 ;1671.1333333333334 ;2999.8213690851635
1565436988213 ;21 ;0 ;0.0 ;2849.830300630905
1565436988264 ;51 ;0 ;0.0 ;2707.3387855993597
1565436988265 ;1 ;0 ;0.0 ;2571.9718463193917
1565436988309 ;44 ;0 ;0.0 ;2443.373254003422
1565436988310 ;1 ;100163 ;100163.0 ;7592.941433408514
1565436988330 ;20 ;0 ;0.0 ;7213.294361738088
1565436988401 ;71 ;0 ;0.0 ;6852.629643651184
1565436988402 ;1 ;0 ;0.0 ;6509.998161468624
1565436988422 ;20 ;100191 ;5009.55 ;6448.158779710983
1565436988469 ;47 ;0 ;0.0 ;6125.750840725434
1565436988490 ;21 ;0 ;0.0 ;5819.463298689162
1565436988530 ;40 ;0 ;0.0 ;5528.4901337547035
1565436988551 ;21 ;100160 ;4769.523809523809 ;5503.093195989274
1565436988624 ;73 ;0 ;0.0 ;5227.93853618981
1565436988645 ;21 ;100235 ;4773.0952380952385 ;5217.757148227437
1565436988694 ;49 ;0 ;0.0 ;4956.869290816065
1565436988748 ;54 ;100151 ;1854.648148148148 ;4806.638886704111
1565436988769 ;21 ;0 ;0.0 ;4566.306942368906
1565436988789 ;20 ;0 ;0.0 ;4337.991595250461
1565436988845 ;56 ;0 ;0.0 ;4121.092015487938
1565436988866 ;21 ;200437 ;9544.619047619048 ;4417.3857856408595
1565436988915 ;49 ;0 ;0.0 ;4196.516496358816
1565436988959 ;44 ;100156 ;2276.2727272727275 ;4106.494499292072
1565436988980 ;21 ;0 ;0.0 ;3901.169774327468
1565436989033 ;53 ;0 ;0.0 ;3706.1112856110944
1565436989076 ;43 ;100218 ;2330.6511627906975 ;3643.471572003734
1565436989095 ;19 ;0 ;0.0 ;3461.2979934035475
1565436989157 ;62 ;0 ;0.0 ;3288.2330937333704
1565436989178 ;21 ;100160 ;4769.523809523809 ;3374.8490079690077
1565436989232 ;54 ;0 ;0.0 ;3206.106557570557
1565436989278 ;46 ;0 ;0.0 ;3045.801229692029
1565436989279 ;1 ;100174 ;100174.0 ;8165.826957681113
1565436989298 ;19 ;0 ;0.0 ;7757.535609797056
1565436989351 ;53 ;0 ;0.0 ;7369.658829307204
1565436989371 ;20 ;0 ;0.0 ;7001.175887841843
1565436989408 ;37 ;100204 ;2708.2162162162163 ;6793.654789040079
1565436989411 ;3 ;0 ;0.0 ;6453.972049588075
1565436989431 ;20 ;0 ;0.0 ;6131.2734471086715
1565436989492 ;60 ;100206 ;1670.1 ;5912.609774753238
1565436989511 ;20 ;0 ;0.0 ;5616.979286015576
1565436989553 ;42 ;0 ;0.0 ;5336.130321714797
1565436989555 ;2 ;0 ;0.0 ;5069.3238056290575
1565436989575 ;20 ;0 ;0.0 ;4815.857615347604
1565436989628 ;53 ;100106 ;1888.7924528301887 ;4674.474863676549
1565436989648 ;20 ;0 ;0.0 ;4440.751120492721
1565436989707 ;59 ;0 ;0.0 ;4218.713564468085
1565436989727 ;20 ;0 ;0.0 ;4007.7778862446808
1565436989776 ;49 ;100168 ;2044.2448979591836 ;3914.9808286671405
1565436989796 ;20 ;0 ;0.0 ;3719.2317872337835
1565436989862 ;66 ;100162 ;1517.6060606060605 ;3613.144201061887
1565436989882 ;20 ;0 ;0.0 ;3432.4869910087923
1565436989902 ;20 ;0 ;0.0 ;3260.8626414583528
1565436989961 ;59 ;0 ;0.0 ;3097.819509385435
1565436989964 ;3 ;200238 ;66746.0 ;6455.875902337216
1565436989984 ;20 ;0 ;0.0 ;6133.082107220355
1565436990050 ;66 ;0 ;0.0 ;5826.428001859337
1565436990098 ;48 ;100155 ;2086.5625 ;5644.925680713739
1565436990117 ;19 ;0 ;0.0 ;5362.6793966780515
1565436990180 ;63 ;0 ;0.0 ;5094.545426844149
1565436990181 ;1 ;100174 ;100174.0 ;10112.133944975627
1565436990242 ;61 ;0 ;0.0 ;9606.527247726846
1565436990263 ;21 ;0 ;0.0 ;9126.200885340504
1565436990305 ;42 ;100134 ;2384.1428571428573 ;8795.372044080998
1565436990324 ;19 ;0 ;0.0 ;8355.603441876947
1565436990396 ;72 ;0 ;0.0 ;7937.8232697831
1565436990417 ;21 ;100213 ;4772.047619047619 ;7792.092507296451
1565436990475 ;58 ;0 ;0.0 ;7402.487881931629
1565436990495 ;20 ;0 ;0.0 ;7032.363487835048
1565436990534 ;39 ;100173 ;2568.5384615384614 ;6815.93154826111
1565436990535 ;1 ;0 ;0.0 ;6475.134970848054
1565436990555 ;20 ;0 ;0.0 ;6151.378222305651
1565436990575 ;20 ;0 ;0.0 ;5843.809311190369
1565436990633 ;58 ;0 ;0.0 ;5551.61884563085
1565436990653 ;20 ;100167 ;5008.35 ;5537.63527177036
1565436990703 ;50 ;0 ;0.0 ;5260.753508181842
1565436990704 ;1 ;0 ;0.0 ;4997.71583277275
1565436990723 ;19 ;0 ;0.0 ;4747.830041134113
1565436990762 ;39 ;100218 ;2569.6923076923076 ;4645.685502640161
1565436990783 ;21 ;0 ;0.0 ;4413.401227508153
1565436990856 ;73 ;0 ;0.0 ;4192.731166132746
1565436990857 ;1 ;0 ;0.0 ;3983.0946078261086
1565436990877 ;20 ;200389 ;10019.45 ;4311.279351119014
1565436990924 ;47 ;0 ;0.0 ;4095.7153835630634
1565436990945 ;21 ;0 ;0.0 ;3890.9296143849106
1565436990993 ;48 ;100173 ;2086.9375 ;3806.2219494551387
1565436991013 ;20 ;0 ;0.0 ;3615.9108519823812
1565436991052 ;39 ;0 ;0.0 ;3435.1153093832627
1565436991073 ;21 ;0 ;0.0 ;3263.3595439140995
1565436991137 ;64 ;100144 ;1564.75 ;3182.546829876289
1565436991157 ;20 ;0 ;0.0 ;3023.4194883824744
1565436991177 ;20 ;0 ;0.0 ;2872.248513963351
1565436991222 ;45 ;0 ;0.0 ;2728.6360882651834
1565436991243 ;21 ;100092 ;4766.285714285715 ;2843.061426709067
1565436991287 ;44 ;0 ;0.0 ;2700.9083553736136
1565436991307 ;20 ;0 ;0.0 ;2565.862937604933
1565436991350 ;43 ;100151 ;2329.093023255814 ;2560.1536340539396
1565436991369 ;19 ;0 ;0.0 ;2432.1459523512426
1565436991442 ;73 ;0 ;0.0 ;2310.5386547336807
1565436991462 ;20 ;200329 ;10016.45 ;2722.193300944365
1565436991514 ;52 ;0 ;0.0 ;2586.083635897147
1565436991563 ;49 ;0 ;0.0 ;2456.7794541022895
1565436991566 ;3 ;100168 ;33389.333333333336 ;4091.2738147305085
1565436991586 ;20 ;0 ;0.0 ;3886.710123993983
1565436991657 ;71 ;0 ;0.0 ;3692.374617794284
1565436991677 ;20 ;100174 ;5008.7 ;3771.3716763782545
1565436991721 ;44 ;0 ;0.0 ;3582.803092559342
1565436991722 ;1 ;0 ;0.0 ;3403.6629379313754
1565436991742 ;20 ;0 ;0.0 ;3233.4797910348066
1565436991779 ;37 ;100190 ;2707.837837837838 ;3214.3235824219
1565436991798 ;19 ;0 ;0.0 ;3053.6074033008053
1565436991874 ;76 ;0 ;0.0 ;2900.9270331357648
1565436991895 ;21 ;100161 ;4769.571428571428 ;3006.9107566669463
1565436991957 ;62 ;0 ;0.0 ;2856.565218833599
1565436991978 ;21 ;0 ;0.0 ;2713.7369578919192
1565436992020 ;42 ;100155 ;2384.6428571428573 ;2703.557628794316
1565436992040 ;20 ;0 ;0.0 ;2568.3797473546
1565436992082 ;42 ;0 ;0.0 ;2439.96075998687
1565436992083 ;1 ;100176 ;100176.0 ;7590.383774619106
1565436992103 ;20 ;0 ;0.0 ;7210.86458588815
1565436992160 ;57 ;0 ;0.0 ;6850.321356593742
1565436992181 ;21 ;0 ;0.0 ;6507.805288764055
1565436992267 ;86 ;100158 ;1164.6279069767443 ;6243.711229956208
1565436992287 ;20 ;100187 ;5009.35 ;6195.175668458397
1565436992339 ;52 ;0 ;0.0 ;5885.416885035477
1565436992377 ;38 ;0 ;0.0 ;5591.146040783703
1565436992379 ;2 ;0 ;0.0 ;5311.588738744518
1565436992399 ;20 ;100137 ;5006.85 ;5309.527722859923
1565436992456 ;57 ;0 ;0.0 ;5044.051336716928
1565436992476 ;20 ;0 ;0.0 ;4791.848769881081
1565436992532 ;56 ;100181 ;1788.9464285714287 ;4646.411406574997
1565436992533 ;1 ;0 ;0.0 ;4414.090836246248
1565436992555 ;22 ;0 ;0.0 ;4193.386294433935
1565436992632 ;77 ;0 ;0.0 ;3983.7169797122383
1565436992697 ;65 ;100254 ;1542.3692307692309 ;3865.7084586618494
1565436992753 ;56 ;0 ;0.0 ;3672.423035728757
1565436992758 ;5 ;100214 ;20042.8 ;4543.686094468634
1565436992778 ;20 ;0 ;0.0 ;4316.501789745203
1565436992824 ;46 ;0 ;0.0 ;4100.676700257942
1565436992844 ;20 ;0 ;0.0 ;3895.642865245045
1565436992881 ;37 ;200326 ;5414.216216216216 ;3985.819470204699
1565436992884 ;3 ;0 ;0.0 ;3786.5284966944637
1565436992904 ;20 ;0 ;0.0 ;3597.2020718597405
1565436992954 ;50 ;0 ;0.0 ;3417.341968266753
1565436992974 ;20 ;0 ;0.0 ;3246.474869853416
1565436993027 ;53 ;100227 ;1891.0754716981132 ;3183.6814143448564
1565436993047 ;20 ;0 ;0.0 ;3024.4973436276136
1565436993096 ;49 ;0 ;0.0 ;2873.272476446233
1565436993117 ;21 ;102949 ;4902.333333333333 ;2987.6263964835707
1565436993165 ;48 ;0 ;0.0 ;2838.2450766593925
1565436993213 ;48 ;100192 ;2087.3333333333335 ;2806.19247194923
1565436993234 ;21 ;0 ;0.0 ;2665.8828483517686
1565436993274 ;40 ;0 ;0.0 ;2532.5887059341803
1565436993294 ;20 ;0 ;0.0 ;2405.9592706374715
1565436993351 ;57 ;100174 ;1757.438596491228 ;2378.1580753419785
1565436993371 ;20 ;0 ;0.0 ;2259.2501715748795
1565436993428 ;57 ;0 ;0.0 ;2146.2876629961356
1565436993429 ;1 ;0 ;0.0 ;2038.9732798463288
1565436993450 ;21 ;0 ;0.0 ;1937.0246158540122
1565436993486 ;36 ;200296 ;5563.777777777777 ;2133.0037944180367
1565436993489 ;3 ;0 ;0.0 ;2026.3536046971349
1565436993510 ;21 ;0 ;0.0 ;1925.0359244622782
1565436993569 ;59 ;100196 ;1698.2372881355932 ;1918.1650381410377
1565436993638 ;69 ;0 ;0.0 ;1822.256786233986
1565436993659 ;21 ;0 ;0.0 ;1731.1439469222867
1565436993700 ;41 ;100166 ;2443.0731707317073 ;1773.1695480357357
1565436993720 ;20 ;0 ;0.0 ;1684.5110706339487
1565436993772 ;52 ;0 ;0.0 ;1600.2855171022513
1565436993792 ;20 ;0 ;0.0 ;1520.2712412471387
1565436993832 ;40 ;100226 ;2505.65 ;1576.1339949742555
1565436993833 ;1 ;0 ;0.0 ;1497.3272952255427
1565436993853 ;20 ;0 ;0.0 ;1422.4609304642656
1565436993914 ;61 ;100202 ;1642.655737704918 ;1437.7934490834164
1565436993933 ;19 ;0 ;0.0 ;1365.9037766292454
1565436993993 ;60 ;0 ;0.0 ;1297.6085877977832
1565436994013 ;20 ;0 ;0.0 ;1232.7281584078942
1565436994048 ;35 ;100214 ;2863.2571428571428 ;1321.7894948484018
1565436994053 ;5 ;0 ;0.0 ;1255.7000201059816
1565436994074 ;21 ;0 ;0.0 ;1192.9150191006825
1565436994143 ;69 ;100171 ;1451.7536231884058 ;1209.677353576617
1565436994163 ;20 ;0 ;0.0 ;1149.193485897786
1565436994210 ;47 ;0 ;0.0 ;1091.7338116028968
1565436994231 ;21 ;0 ;0.0 ;1037.147121022752
1565436994267 ;36 ;100130 ;2781.3888888888887 ;1131.6786538605031
1565436994271 ;4 ;0 ;0.0 ;1075.094721167478
1565436994291 ;20 ;0 ;0.0 ;1021.3399851091041
1565436994340 ;49 ;0 ;0.0 ;970.2729858536488
1565436994361 ;21 ;0 ;0.0 ;921.7593365609664
1565436994402 ;41 ;200402 ;4887.8536585365855 ;1132.92682544537
1565436994422 ;20 ;0 ;0.0 ;1076.2804841731015
1565436994477 ;55 ;0 ;0.0 ;1022.4664599644464
1565436994478 ;1 ;100164 ;100164.0 ;6243.132610650435
1565436994499 ;21 ;0 ;0.0 ;5930.9759801179125
1565436994539 ;40 ;0 ;0.0 ;5634.427181112017
1565436994560 ;21 ;0 ;0.0 ;5352.705822056416
1565436994626 ;66 ;100987 ;1530.1060606060605 ;5165.60242888023
1565436994646 ;20 ;0 ;0.0 ;4907.322307436219
1565436994710 ;64 ;0 ;0.0 ;4661.956192064407
1565436994731 ;21 ;100209 ;4771.857142857143 ;4680.008758401036
1565436994780 ;49 ;0 ;0.0 ;4446.008320480984
1565436994800 ;20 ;0 ;0.0 ;4223.707904456935
1565436994838 ;38 ;100150 ;2635.5263157894738 ;4151.234420591429
1565436994859 ;21 ;0 ;0.0 ;3943.672699561857
1565436994926 ;67 ;0 ;0.0 ;3746.4890645837645
1565436994947 ;21 ;100139 ;4768.523809523809 ;3810.139548697935
1565436995005 ;58 ;0 ;0.0 ;3619.632571263038
1565436995025 ;20 ;0 ;0.0 ;3438.6509426998864
1565436995083 ;58 ;100236 ;1728.2068965517242 ;3357.6766532781407
1565436995103 ;20 ;0 ;0.0 ;3189.7928206142337
1565436995162 ;59 ;0 ;0.0 ;3030.3031795835223
1565436995182 ;20 ;0 ;0.0 ;2878.788020604346
1565436995219 ;37 ;200367 ;5415.324324324324 ;3019.865689275409
1565436995239 ;20 ;0 ;0.0 ;2868.8724048116383
1565436995298 ;59 ;0 ;0.0 ;2725.428784571056
1565436995299 ;1 ;100188 ;100188.0 ;7862.209976921451
1565436995373 ;74 ;0 ;0.0 ;7469.099478075378
1565436995374 ;1 ;0 ;0.0 ;7095.64450417161
1565436995394 ;20 ;0 ;0.0 ;6740.862278963029
1565436995447 ;53 ;100115 ;1888.9622641509434 ;6503.238231549138
1565436995468 ;21 ;0 ;0.0 ;6178.07631997168
1565436995501 ;33 ;100197 ;3036.2727272727275 ;6028.976331724292
1565436995521 ;20 ;0 ;0.0 ;5727.527515138077
1565436995577 ;56 ;0 ;0.0 ;5441.151139381173
1565436995580 ;3 ;0 ;0.0 ;5169.093582412114
1565436995600 ;20 ;0 ;0.0 ;4910.6389032915085
1565436995647 ;47 ;100152 ;2130.8936170212764 ;4777.259253759632
1565436995667 ;20 ;0 ;0.0 ;4538.39629107165
1565436995709 ;42 ;100174 ;2385.095238095238 ;4437.00780483887
1565436995762 ;53 ;0 ;0.0 ;4215.157414596926
1565436995782 ;20 ;0 ;0.0 ;4004.39954386708
1565436995817 ;35 ;0 ;0.0 ;3804.1795666737257
1565436995830 ;13 ;100185 ;7706.538461538462 ;4019.5778757894323
1565436995850 ;20 ;0 ;0.0 ;3818.598981999961
1565436995914 ;64 ;0 ;0.0 ;3627.6690328999625
1565436995935 ;21 ;100200 ;4771.428571428572 ;3697.4134008038363
1565436995980 ;45 ;0 ;0.0 ;3512.5427307636446
1565436996000 ;20 ;0 ;0.0 ;3336.915594225463
1565436996037 ;37 ;100166 ;2707.189189189189 ;3312.553456050463
1565436996041 ;4 ;0 ;0.0 ;3146.9257832479398
1565436996061 ;20 ;0 ;0.0 ;2989.5794940855426
1565436996112 ;51 ;0 ;0.0 ;2840.1005193812657
1565436996132 ;20 ;0 ;0.0 ;2698.0954934122024
1565436996169 ;37 ;100216 ;2708.5405405405404 ;2705.7454840332
1565436996172 ;3 ;0 ;0.0 ;2570.4582098315395
1565436996192 ;20 ;0 ;0.0 ;2441.9352993399625
1565436996241 ;49 ;0 ;0.0 ;2319.838534372964
1565436996262 ;21 ;0 ;0.0 ;2203.8466076543164
1565436996300 ;38 ;200387 ;5273.3421052631575 ;2371.1985986012405
1565436996303 ;3 ;0 ;0.0 ;2252.6386686711785
1565436996323 ;20 ;0 ;0.0 ;2140.0067352376195
1565436996343 ;20 ;0 ;0.0 ;2033.0063984757385
1565436996406 ;63 ;100240 ;1591.111111111111 ;2015.0987686104313
1565436996458 ;52 ;0 ;0.0 ;1914.34383017991
1565436996478 ;20 ;0 ;0.0 ;1818.6266386709144
1565436996533 ;55 ;0 ;0.0 ;1727.6953067373688
1565436996535 ;2 ;100120 ;50060.0 ;4276.047383505764
1565436996555 ;20 ;0 ;0.0 ;4062.2450143304754
1565436996626 ;71 ;0 ;0.0 ;3859.1327636139517
1565436996646 ;20 ;100129 ;5006.45 ;3929.6734938543073
1565436996690 ;44 ;0 ;0.0 ;3733.189819161592
1565436996711 ;21 ;0 ;0.0 ;3546.530328203512
1565436996751 ;40 ;100237 ;2505.925 ;3501.09460126702
1565436996772 ;21 ;0 ;0.0 ;3326.0398712036695
1565436996792 ;20 ;0 ;0.0 ;3159.737877643486
1565436996841 ;49 ;0 ;0.0 ;3001.7509837613115
1565436996842 ;1 ;0 ;0.0 ;2851.663434573246
1565436996862 ;20 ;100161 ;5008.05 ;2972.661841791952
1565436996911 ;49 ;0 ;0.0 ;2824.0287497023546
1565436996931 ;20 ;0 ;0.0 ;2682.827312217237
1565436996971 ;40 ;0 ;0.0 ;2548.685946606375
1565436996978 ;7 ;100300 ;14328.57142857143 ;3175.3869876219214
1565436996998 ;20 ;0 ;0.0 ;3016.6176382408253
1565436997058 ;60 ;0 ;0.0 ;2865.786756328784
1565436997078 ;20 ;200279 ;10013.95 ;3249.5474185123453
1565436997135 ;57 ;0 ;0.0 ;3087.070047586728
1565436997186 ;51 ;100182 ;1964.3529411764705 ;3036.103542111416
1565436997205 ;19 ;0 ;0.0 ;2884.2983650058454
1565436997275 ;70 ;0 ;0.0 ;2740.0834467555533
1565436997296 ;21 ;100226 ;4772.666666666667 ;2854.272256873916
1565436997345 ;49 ;0 ;0.0 ;2711.5586440302204
1565436997365 ;20 ;0 ;0.0 ;2575.9807118287094
1565436997403 ;38 ;0 ;0.0 ;2447.1816762372737
1565436997405 ;2 ;100248 ;50124.0 ;4962.927855583304
1565436997425 ;20 ;0 ;0.0 ;4714.78146280414
1565436997481 ;56 ;0 ;0.0 ;4479.042389663932
1565436997502 ;21 ;0 ;0.0 ;4255.090270180735
1565436997543 ;41 ;100162 ;2442.9756097560976 ;4170.913420343072
1565436997563 ;20 ;0 ;0.0 ;3962.367749325919
1565436997627 ;64 ;0 ;0.0 ;3764.2493618596227
1565436997628 ;1 ;100150 ;100150.0 ;8847.08952534559
1565436997675 ;47 ;0 ;0.0 ;8404.73504907831
1565436997695 ;20 ;0 ;0.0 ;7984.498296624394
1565436997736 ;41 ;100195 ;2443.7804878048782 ;7713.893407467116
1565436997757 ;21 ;0 ;0.0 ;7328.1987370937595
1565436997808 ;51 ;0 ;0.0 ;6961.788800239071
1565436997872 ;64 ;100293 ;1567.078125 ;6696.177156279749
1565436997892 ;20 ;0 ;0.0 ;6361.368298465763
1565436997941 ;49 ;0 ;0.0 ;6043.299883542475
1565436997961 ;20 ;0 ;0.0 ;5741.134889365351
1565436998001 ;40 ;200384 ;5009.6 ;5717.741302791821
1565436998002 ;1 ;0 ;0.0 ;5431.85423765223
1565436998022 ;20 ;0 ;0.0 ;5160.261525769618
1565436998082 ;60 ;0 ;0.0 ;4902.248449481137
1565436998102 ;20 ;100155 ;5007.75 ;4920.701816480764
1565436998162 ;60 ;0 ;0.0 ;4674.666725656725
1565436998182 ;20 ;0 ;0.0 ;4440.933389373889
1565436998233 ;51 ;100174 ;1964.1960784313726 ;4322.265460875267
1565436998253 ;20 ;0 ;0.0 ;4106.152187831504
1565436998274 ;21 ;0 ;0.0 ;3900.844578439929
1565436998324 ;50 ;0 ;0.0 ;3705.8023495179323
1565436998344 ;20 ;100187 ;5009.35 ;3784.1622320420356
1565436998399 ;55 ;0 ;0.0 ;3594.9541204399343
1565436998419 ;20 ;0 ;0.0 ;3415.2064144179376
1565436998453 ;34 ;100154 ;2945.705882352941 ;3399.4832453998274
1565436998473 ;20 ;0 ;0.0 ;3229.5090831298357
1565436998544 ;71 ;0 ;0.0 ;3068.033628973344
1565436998565 ;21 ;100170 ;4770.0 ;3165.6845791036244
1565436998631 ;66 ;0 ;0.0 ;3007.400350148443
1565436998652 ;21 ;0 ;0.0 ;2857.030332641021
1565436998700 ;48 ;100234 ;2088.2083333333335 ;2824.084517763356
1565436998720 ;20 ;0 ;0.0 ;2682.880291875188
1565436998758 ;38 ;0 ;0.0 ;2548.7362772814286
1565436998760 ;2 ;100208 ;50104.0 ;5058.352094996304
1565436998780 ;20 ;0 ;0.0 ;4805.434490246489
1565436998832 ;52 ;0 ;0.0 ;4565.162765734165
1565436998853 ;21 ;0 ;0.0 ;4336.904627447457
1565436998900 ;47 ;100153 ;2130.9148936170213 ;4232.212811528611
1565436998921 ;21 ;0 ;0.0 ;4020.602170952181
1565436998960 ;39 ;0 ;0.0 ;3819.5720624045716
1565436998961 ;1 ;0 ;0.0 ;3628.593459284343
1565436998981 ;20 ;0 ;0.0 ;3447.1637863201263
1565436999025 ;44 ;200531 ;4557.522727272727 ;3514.6752142290006
1565436999046 ;21 ;0 ;0.0 ;3338.9414535175506
1565436999096 ;50 ;0 ;0.0 ;3171.994380841673
1565436999116 ;20 ;0 ;0.0 ;3013.394661799589
1565436999154 ;38 ;100171 ;2636.0789473684213 ;3001.4659259395266
1565436999156 ;2 ;0 ;0.0 ;2851.39262964255
1565436999176 ;20 ;0 ;0.0 ;2708.8229981604227
1565436999232 ;56 ;0 ;0.0 ;2573.3818482524016
1565436999252 ;20 ;0 ;0.0 ;2444.7127558397815
1565436999286 ;34 ;100192 ;2946.823529411765 ;2477.5730932799906
1565436999307 ;21 ;0 ;0.0 ;2353.694438615991
1565436999366 ;59 ;0 ;0.0 ;2236.0097166851915
1565436999369 ;3 ;100344 ;33448.0 ;3884.630283482511
1565436999435 ;66 ;0 ;0.0 ;3690.398769308385
1565436999455 ;20 ;0 ;0.0 ;3505.8788308429657
1565436999511 ;56 ;200327 ;3577.2678571428573 ;3518.862144939915
1565436999532 ;21 ;0 ;0.0 ;3342.9190376929196
1565436999611 ;79 ;0 ;0.0 ;3175.7730858082737
1565436999632 ;21 ;100178 ;4770.380952380952 ;3268.0571132221207
1565436999699 ;67 ;0 ;0.0 ;3104.6542575610147
1565436999719 ;20 ;100172 ;5008.6 ;3213.0320709987536
1565436999760 ;41 ;0 ;0.0 ;3052.3804674488156
1565436999780 ;20 ;0 ;0.0 ;2899.7614440763746
1565436999823 ;43 ;100165 ;2329.4186046511627 ;2877.3743510647223
1565436999843 ;20 ;0 ;0.0 ;2733.5056335114864
1565436999909 ;66 ;0 ;0.0 ;2596.830351835912
1565436999929 ;20 ;100191 ;5009.55 ;2730.6493605599057
1565436999988 ;59 ;0 ;0.0 ;2594.1168925319103
1565436999989 ;1 ;0 ;0.0 ;2464.4110479053147
1565437000036 ;47 ;0 ;0.0 ;2341.190495510049
1565437000037 ;1 ;100175 ;100175.0 ;7496.499391787178
1565437000058 ;21 ;0 ;0.0 ;7121.67442219782
1565437000115 ;57 ;0 ;0.0 ;6765.590701087928
1565437000135 ;20 ;0 ;0.0 ;6427.311166033532
1565437000183 ;48 ;100226 ;2088.0416666666665 ;6215.842537556417
1565437000186 ;3 ;0 ;0.0 ;5905.050410678596
1565437000206 ;20 ;0 ;0.0 ;5609.797890144666
1565437000253 ;47 ;100139 ;2130.6170212765956 ;5441.445733599359
1565437000274 ;21 ;0 ;0.0 ;5169.373446919391
1565437000331 ;57 ;0 ;0.0 ;4910.904774573422
1565437000350 ;19 ;0 ;0.0 ;4665.359535844751
1565437000386 ;36 ;100186 ;2782.9444444444443 ;4578.562319286431
1565437000406 ;20 ;0 ;0.0 ;4349.63420332211
1565437000467 ;61 ;100223 ;1643.0 ;4218.626177366531
1565437000487 ;20 ;0 ;0.0 ;4007.6948684982044
1565437000530 ;43 ;0 ;0.0 ;3807.3101250732943
1565437000550 ;20 ;0 ;0.0 ;3616.9446188196293
1565437000606 ;56 ;200345 ;3577.589285714286 ;3624.3915608109783
1565437000610 ;4 ;0 ;0.0 ;3443.171982770429
1565437000631 ;21 ;0 ;0.0 ;3271.013383631908
1565437000698 ;67 ;0 ;0.0 ;3107.4627144503124
1565437000717 ;19 ;100171 ;5272.1578947368425 ;3229.5715731876307
1565437000772 ;55 ;0 ;0.0 ;3068.092994528249
1565437000822 ;50 ;0 ;0.0 ;2914.688344801837
1565437000823 ;1 ;100132 ;100132.0 ;8039.05919071964
1565437000843 ;20 ;0 ;0.0 ;7637.106231183658
1565437000912 ;69 ;0 ;0.0 ;7255.250919624475
1565437000932 ;20 ;100181 ;5009.05 ;7156.122584169567
1565437000980 ;48 ;0 ;0.0 ;6798.316454961088
1565437001000 ;20 ;0 ;0.0 ;6458.400632213034
1565437001035 ;35 ;100163 ;2861.8 ;6286.101653233962
1565437001055 ;20 ;0 ;0.0 ;5971.796570572264
1565437001096 ;41 ;0 ;0.0 ;5673.206742043651
1565437001117 ;21 ;0 ;0.0 ;5389.546404941468
1565437001159 ;42 ;100142 ;2384.3333333333335 ;5245.56031276457
1565437001160 ;1 ;0 ;0.0 ;4983.282297126341
1565437001180 ;20 ;0 ;0.0 ;4734.118182270025
1565437001239 ;59 ;0 ;0.0 ;4497.412273156524
1565437001291 ;52 ;100174 ;1926.423076923077 ;4373.932347757807
1565437001311 ;20 ;0 ;0.0 ;4155.235730369917
1565437001361 ;50 ;0 ;0.0 ;3947.473943851421
1565437001381 ;20 ;0 ;0.0 ;3750.1002466588498
1565437001421 ;40 ;200335 ;5008.375 ;3826.1939185364336
1565437001441 ;20 ;0 ;0.0 ;3634.8842226096117
1565437001461 ;20 ;0 ;0.0 ;3453.140011479131
1565437001528 ;67 ;100233 ;1496.0149253731342 ;3359.220638556392
1565437001547 ;19 ;0 ;0.0 ;3191.2596066285723
1565437001611 ;64 ;0 ;0.0 ;3031.6966262971437
1565437001612 ;1 ;0 ;0.0 ;2880.1117949822865
1565437001633 ;21 ;100185 ;4770.714285714285 ;2987.196430797082
1565437001707 ;74 ;0 ;0.0 ;2837.836609257228
1565437001766 ;59 ;100176 ;1697.8983050847457 ;2785.307847483037
1565437001787 ;21 ;0 ;0.0 ;2646.0424551088854
1565437001854 ;67 ;0 ;0.0 ;2513.740332353441
1565437001874 ;20 ;100175 ;5008.75 ;2651.6717367884003
1565437001916 ;42 ;0 ;0.0 ;2519.08814994898
1565437001937 ;21 ;0 ;0.0 ;2393.133742451531
1565437001975 ;38 ;100177 ;2636.2368421052633 ;2412.226362808179
1565437001995 ;20 ;0 ;0.0 ;2291.6150446677702
1565437002052 ;57 ;0 ;0.0 ;2177.0342924343818
1565437002072 ;20 ;0 ;0.0 ;2068.1825778126627
1565437002106 ;34 ;200381 ;5893.558823529412 ;2274.9607554235777
1565437002126 ;20 ;0 ;0.0 ;2161.2127176523986
1565437002182 ;56 ;0 ;0.0 ;2053.1520817697788
1565437002201 ;19 ;0 ;0.0 ;1950.49447768129
1565437002242 ;41 ;100182 ;2443.4634146341464 ;1981.5730914095489
1565437002262 ;20 ;0 ;0.0 ;1882.4944368390716
1565437002332 ;70 ;100204 ;1431.4857142857143 ;1863.7110683805768
1565437002352 ;20 ;0 ;0.0 ;1770.5255149615477
1565437002395 ;43 ;0 ;0.0 ;1681.9992392134704
1565437002415 ;20 ;0 ;0.0 ;1597.8992772527968
1565437002472 ;57 ;100150 ;1757.017543859649 ;1610.4789209617172
1565437002473 ;1 ;0 ;0.0 ;1529.9549749136313
1565437002493 ;20 ;0 ;0.0 ;1453.4572261679498
1565437002547 ;54 ;0 ;0.0 ;1380.7843648595522
1565437002568 ;21 ;0 ;0.0 ;1311.7451466165744
1565437002616 ;48 ;200345 ;4173.854166666667 ;1465.8344243734648
1565437002636 ;20 ;0 ;0.0 ;1392.5427031547915
1565437002687 ;51 ;0 ;0.0 ;1322.915567997052
1565437002707 ;20 ;100154 ;5007.7 ;1520.3329474919362
1565437002751 ;44 ;0 ;0.0 ;1444.3163001173393
1565437002772 ;21 ;0 ;0.0 ;1372.1004851114724
1565437002808 ;36 ;100162 ;2782.277777777778 ;1449.9311333705186
1565437002812 ;4 ;0 ;0.0 ;1377.4345767019927
1565437002833 ;21 ;0 ;0.0 ;1308.562847866893
1565437002903 ;70 ;0 ;0.0 ;1243.1347054735484
1565437002923 ;20 ;100174 ;5008.7 ;1444.593759673555
1565437002964 ;41 ;0 ;0.0 ;1372.3640716898774
1565437002984 ;20 ;0 ;0.0 ;1303.7458681053836
1565437003024 ;40 ;0 ;0.0 ;1238.5585747001144
1565437003025 ;1 ;100308 ;100308.0 ;6455.99906701774
1565437003045 ;20 ;0 ;0.0 ;6133.199113666853
1565437003104 ;59 ;0 ;0.0 ;5826.53915798351
1565437003125 ;21 ;0 ;0.0 ;5535.212200084336
1565437003157 ;32 ;100239 ;3132.46875 ;5423.318366395908
1565437003177 ;20 ;0 ;0.0 ;5152.152448076113
1565437003235 ;58 ;0 ;0.0 ;4894.5448256723075
1565437003236 ;1 ;100147 ;100147.0 ;9920.712321230796
1565437003256 ;20 ;0 ;0.0 ;9424.676705169255
1565437003301 ;45 ;0 ;0.0 ;8953.442869910792
1565437003322 ;21 ;0 ;0.0 ;8505.770726415252
1565437003356 ;34 ;100179 ;2946.4411764705883 ;8235.558041487679
1565437003376 ;20 ;0 ;0.0 ;7823.780139413294
1565437003432 ;56 ;0 ;0.0 ;7432.59113244263
1565437003452 ;20 ;0 ;0.0 ;7060.961575820498
1565437003489 ;37 ;100206 ;2708.2702702702704 ;6850.454037570014
1565437003509 ;20 ;0 ;0.0 ;6507.931335691514
1565437003579 ;70 ;0 ;0.0 ;6182.534768906938
1565437003603 ;24 ;100143 ;4172.625 ;6093.019872566854
1565437003668 ;65 ;0 ;0.0 ;5788.368878938511
1565437003687 ;19 ;0 ;0.0 ;5498.950434991586
1565437003736 ;49 ;200378 ;4089.3469387755104 ;5439.23169949335
1565437003737 ;1 ;0 ;0.0 ;5167.270114518682
1565437003757 ;20 ;0 ;0.0 ;4908.906608792748
1565437003778 ;20 ;0 ;0.0 ;4663.46127835311
1565437003856 ;79 ;100200 ;1268.3544303797469 ;4497.0437107712305
1565437003932 ;76 ;0 ;0.0 ;4272.191525232669
1565437003953 ;20 ;0 ;0.0 ;4058.581948971035
1565437003997 ;45 ;100171 ;2226.0222222222224 ;3972.8119158499685
1565437003998 ;1 ;0 ;0.0 ;3774.1713200574695
1565437004018 ;20 ;0 ;0.0 ;3585.462754054596
1565437004056 ;38 ;0 ;0.0 ;3406.1896163518663
1565437004058 ;2 ;100193 ;50096.5 ;5872.538030271115
1565437004079 ;21 ;0 ;0.0 ;5578.911128757559
1565437004142 ;63 ;0 ;0.0 ;5299.965572319681
1565437004208 ;66 ;100210 ;1518.3333333333333 ;5114.879574405452
1565437004229 ;21 ;0 ;0.0 ;4859.135595685179
1565437004280 ;51 ;100231 ;1965.313725490196 ;4719.616380400405
1565437004300 ;20 ;0 ;0.0 ;4483.635561380385
1565437004320 ;20 ;0 ;0.0 ;4259.453783311366
1565437004366 ;46 ;0 ;0.0 ;4046.481094145798
1565437004386 ;20 ;200374 ;10018.7 ;4371.457039438508
1565437004430 ;44 ;0 ;0.0 ;4152.884187466583
1565437004431 ;1 ;0 ;0.0 ;3945.2399780932537
1565437004451 ;20 ;0 ;0.0 ;3747.9779791885912
1565437004490 ;39 ;100187 ;2568.897435897436 ;3695.78420843429
1565437004511 ;21 ;0 ;0.0 ;3510.9949980125757
1565437004568 ;57 ;0 ;0.0 ;3335.445248111947
1565437004571 ;3 ;0 ;0.0 ;3168.6729857063497
1565437004591 ;20 ;100083 ;5004.15 ;3273.6156522105057
1565437004668 ;77 ;0 ;0.0 ;3109.9348695999806
1565437004688 ;20 ;0 ;0.0 ;2954.4381261199815
1565437004733 ;45 ;100242 ;2227.6 ;2923.95832507714
1565437004754 ;21 ;0 ;0.0 ;2777.760408823283
1565437004790 ;36 ;0 ;0.0 ;2638.872388382119
1565437004811 ;21 ;100164 ;4769.714285714285 ;2757.9663629479755
1565437004869 ;58 ;0 ;0.0 ;2620.068044800577
1565437004889 ;20 ;0 ;0.0 ;2489.0646425605482
1565437004922 ;33 ;100152 ;3034.909090909091 ;2524.3434678487884
1565437004942 ;20 ;0 ;0.0 ;2398.1262944563487
1565437005007 ;65 ;100178 ;1541.2 ;2359.335769207216
1565437005026 ;19 ;0 ;0.0 ;2241.3689807468554
1565437005081 ;55 ;0 ;0.0 ;2129.3005317095126
1565437005082 ;1 ;0 ;0.0 ;2022.8355051240371
1565437005103 ;21 ;0 ;0.0 ;1921.6937298678354
1565437005151 ;48 ;100179 ;2087.0625 ;1935.4544381112858
1565437005171 ;20 ;0 ;0.0 ;1838.6817162057214
1565437005191 ;20 ;0 ;0.0 ;1746.7476303954354
1565437005225 ;34 ;100168 ;2946.1176470588234 ;1814.4690724050756
1565437005245 ;20 ;0 ;0.0 ;1723.745618784822
1565437005300 ;55 ;0 ;0.0 ;1637.5583378455808
1565437005320 ;20 ;0 ;0.0 ;1555.6804209533018
1565437005366 ;46 ;100136 ;2176.8695652173915 ;1592.4684822854992
1565437005378 ;12 ;0 ;0.0 ;1512.8450581712243
1565437005461 ;83 ;100210 ;1207.3493975903614 ;1500.747510398998
1565437005519 ;58 ;0 ;0.0 ;1425.710134879048
1565437005539 ;20 ;0 ;0.0 ;1354.4246281350956
1565437005576 ;37 ;100164 ;2707.135135135135 ;1429.1841933144008
1565437005596 ;20 ;0 ;0.0 ;1357.7249836486808
1565437005667 ;71 ;0 ;0.0 ;1289.8387344662467
1565437005688 ;21 ;200437 ;9544.619047619048 ;1727.6951686702525
1565437005736 ;48 ;0 ;0.0 ;1641.3104102367402
1565437005756 ;20 ;0 ;0.0 ;1559.244889724903
1565437005795 ;39 ;100241 ;2570.2820512820513 ;1616.5606479377132
1565437005814 ;19 ;0 ;0.0 ;1535.7326155408275
1565437005881 ;67 ;0 ;0.0 ;1458.945984763786
1565437005882 ;1 ;0 ;0.0 ;1385.9986855255968
1565437005902 ;20 ;100189 ;5009.45 ;1580.3540144072117
1565437005955 ;53 ;0 ;0.0 ;1501.336313686851
1565437005976 ;21 ;0 ;0.0 ;1426.2694980025085
1565437006009 ;33 ;100175 ;3035.6060606060605 ;1514.724763134281
1565437006029 ;20 ;0 ;0.0 ;1438.9885249775668
1565437006088 ;59 ;0 ;0.0 ;1367.0390987286885
1565437006089 ;1 ;0 ;0.0 ;1298.6871437922541
1565437006109 ;20 ;100206 ;5010.3 ;1497.4527866026415
1565437006169 ;60 ;0 ;0.0 ;1422.5801472725093
1565437006190 ;21 ;0 ;0.0 ;1351.4511399088838
1565437006226 ;36 ;100251 ;2784.75 ;1430.4443723871238
1565437006246 ;20 ;0 ;0.0 ;1358.9221537677677
1565437006304 ;58 ;0 ;0.0 ;1290.9760460793793
1565437006324 ;20 ;0 ;0.0 ;1226.4272437754103
1565437006357 ;33 ;100165 ;3035.3030303030305 ;1324.8586726552203
1565437006365 ;8 ;0 ;0.0 ;1258.6157390224594
1565437006385 ;20 ;0 ;0.0 ;1195.6849520713363
1565437006440 ;55 ;100215 ;1822.090909090909 ;1231.80022599887
1565437006459 ;19 ;0 ;0.0 ;1170.2102146989266
1565437006522 ;63 ;0 ;0.0 ;1111.6997039639803
1565437006543 ;21 ;100195 ;4771.190476190476 ;1307.2300069863325
1565437006584 ;41 ;0 ;0.0 ;1241.8685066370158
1565437006588 ;4 ;0 ;0.0 ;1179.775081305165
1565437006608 ;20 ;0 ;0.0 ;1120.7863272399068
1565437006664 ;56 ;0 ;0.0 ;1064.7470108779114
1565437006684 ;20 ;100159 ;5007.95 ;1275.0859761234894
1565437006704 ;20 ;0 ;0.0 ;1211.331677317315
1565437006757 ;53 ;0 ;0.0 ;1150.7650934514493
1565437006777 ;20 ;100134 ;5006.7 ;1356.7373650946663
1565437006820 ;43 ;0 ;0.0 ;1288.9004968399329
1565437006840 ;20 ;0 ;0.0 ;1224.4554719979362
1565437006892 ;52 ;100153 ;1926.0192307692307 ;1264.6021315964201
1565437006911 ;19 ;0 ;0.0 ;1201.372025016599
1565437006980 ;69 ;0 ;0.0 ;1141.3034237657691
1565437007000 ;20 ;200323 ;10016.15 ;1611.4040420511647
1565437007050 ;50 ;0 ;0.0 ;1530.8338399486063
1565437007071 ;21 ;0 ;0.0 ;1454.292147951176
1565437007113 ;42 ;100176 ;2385.1428571428573 ;1507.1113751400835
1565437007134 ;21 ;0 ;0.0 ;1431.7558063830793
1565437007186 ;52 ;0 ;0.0 ;1360.1680160639253
1565437007206 ;20 ;0 ;0.0 ;1292.159615260729
1565437007244 ;38 ;100183 ;2636.3947368421054 ;1366.3092522262243
1565437007264 ;20 ;0 ;0.0 ;1297.993789614913
1565437007317 ;53 ;0 ;0.0 ;1233.0941001341675
1565437007318 ;1 ;0 ;0.0 ;1171.4393951274592
1565437007338 ;20 ;0 ;0.0 ;1112.8674253710863
1565437007377 ;39 ;100197 ;2569.153846153846 ;1192.4426775843133
1565437007397 ;20 ;0 ;0.0 ;1132.8205437050976
1565437007454 ;57 ;0 ;0.0 ;1076.1795165198428
1565437007455 ;1 ;100141 ;100141.0 ;6292.9494880622715
1565437007475 ;20 ;0 ;0.0 ;5978.302013659158
1565437007534 ;59 ;0 ;0.0 ;5679.3869129762
1565437007554 ;20 ;0 ;0.0 ;5395.417567327389
1565437007614 ;60 ;100213 ;1670.2166666666667 ;5213.552829311897
1565437007633 ;19 ;0 ;0.0 ;4952.875187846303
1565437007718 ;85 ;0 ;0.0 ;4705.231428453988
1565437007719 ;1 ;100178 ;100178.0 ;9742.496172820762
1565437007739 ;20 ;0 ;0.0 ;9255.371364179724
1565437007759 ;20 ;0 ;0.0 ;8792.602795970739
1565437007820 ;61 ;200318 ;3283.901639344262 ;8525.809584558741
1565437007839 ;19 ;0 ;0.0 ;8099.5191053308035
1565437007893 ;54 ;0 ;0.0 ;7694.5431500642635
1565437007963 ;70 ;0 ;0.0 ;7309.81599256105
1565437007964 ;1 ;100187 ;100187.0 ;12217.325192932996
1565437008019 ;55 ;0 ;0.0 ;11606.458933286347
1565437008095 ;76 ;100186 ;1318.2368421052631 ;11095.516873048622
1565437008115 ;20 ;0 ;0.0 ;10540.741029396191
1565437008182 ;67 ;0 ;0.0 ;10013.703977926381
1565437008202 ;20 ;200339 ;10016.95 ;10040.226673766905
1565437008262 ;60 ;0 ;0.0 ;9538.21534007856
1565437008316 ;54 ;0 ;0.0 ;9061.30457307463
1565437008317 ;1 ;100229 ;100229.0 ;13883.449870736687
1565437008338 ;21 ;0 ;0.0 ;13189.277377199853
1565437008408 ;70 ;0 ;0.0 ;12529.813508339861
1565437008429 ;21 ;100166 ;4769.809523809524 ;12154.365439439158
1565437008493 ;64 ;0 ;0.0 ;11546.6471674672
1565437008512 ;19 ;0 ;0.0 ;10969.31480909384
1565437008549 ;37 ;100166 ;2707.189189189189 ;10563.332710175422
1565437008552 ;3 ;0 ;0.0 ;10035.166074666651
1565437008572 ;20 ;0 ;0.0 ;9533.407770933318
1565437008644 ;72 ;0 ;0.0 ;9056.737382386653
1565437008698 ;54 ;100220 ;1855.9259259259259 ;8701.580825158158
1565437008718 ;20 ;0 ;0.0 ;8266.50178390025
1565437008774 ;56 ;0 ;0.0 ;7853.176694705238
1565437008775 ;1 ;100174 ;100174.0 ;12732.83364944366
1565437008796 ;21 ;0 ;0.0 ;12096.191966971477
1565437008849 ;53 ;0 ;0.0 ;11491.382368622904
1565437008869 ;20 ;0 ;0.0 ;10916.813250191759
1565437008924 ;55 ;100266 ;1823.0181818181818 ;10466.920913041024
1565437008925 ;1 ;0 ;0.0 ;9943.574867388972
1565437008945 ;20 ;0 ;0.0 ;9446.396124019524
1565437008995 ;50 ;0 ;0.0 ;8974.076317818548
1565437008996 ;1 ;100155 ;100155.0 ;13796.688291401304
1565437009052 ;56 ;0 ;0.0 ;13106.85387683124
1565437009073 ;21 ;0 ;0.0 ;12451.511182989678
1565437009143 ;70 ;200380 ;2862.5714285714284 ;11979.59727797553
1565437009204 ;61 ;0 ;0.0 ;11380.617414076754
1565437009225 ;21 ;0 ;0.0 ;10811.586543372916
